Validare imprumut,05-05-2021 23:34:15
Validare editie,05-05-2021 23:35:21
Validare editie,05-05-2021 23:35:21
Validare editie,05-05-2021 23:35:21
Validare editie,05-05-2021 23:35:21
Validare editie,05-05-2021 23:35:21
Validare editie,05-05-2021 23:35:21
Validare editie,05-05-2021 23:35:21
Validare editie,05-05-2021 23:35:21
Validare editie,05-05-2021 23:35:21
Validare editie,05-05-2021 23:35:21
Validare editie,05-05-2021 23:35:21
Validare editie,05-05-2021 23:35:21
Validare editie,05-05-2021 23:35:21
Validare editie,05-05-2021 23:35:21
Validare editie,05-05-2021 23:35:21
Validare editie,05-05-2021 23:35:21
Validare editie,05-05-2021 23:35:21
Validare editie,05-05-2021 23:35:21
Validare editie,05-05-2021 23:35:21
Validare editie,05-05-2021 23:35:21
Validare editie,05-05-2021 23:35:21
Validare editie,05-05-2021 23:35:21
Validare editie,05-05-2021 23:35:21
Validare editie,05-05-2021 23:35:21
Validare editie,05-05-2021 23:35:21
Validare editie,05-05-2021 23:35:21
Validare editie,05-05-2021 23:35:21
Validare editie,05-05-2021 23:35:21
Validare editie,05-05-2021 23:35:21
Validare editie,05-05-2021 23:35:21
Validare editie,05-05-2021 23:35:21
Validare editie,05-05-2021 23:35:21
Validare angajat,05-05-2021 23:35:21
Validare cititor,05-05-2021 23:35:21
Validare persoana,05-05-2021 23:35:21
Validare angajat,05-05-2021 23:35:21
Validare cititor,05-05-2021 23:35:21
Validare persoana,05-05-2021 23:35:21
Validare angajat,05-05-2021 23:35:21
Validare cititor,05-05-2021 23:35:21
Validare persoana,05-05-2021 23:35:21
Validare angajat,05-05-2021 23:35:21
Validare cititor,05-05-2021 23:35:21
Validare persoana,05-05-2021 23:35:21
Validare cititor,05-05-2021 23:35:21
Validare persoana,05-05-2021 23:35:21
Validare cititor,05-05-2021 23:35:21
Validare persoana,05-05-2021 23:35:21
Validare cititor,05-05-2021 23:35:21
Validare persoana,05-05-2021 23:35:21
Validare cititor,05-05-2021 23:35:21
Validare persoana,05-05-2021 23:35:21
Validare cititor,05-05-2021 23:35:21
Validare persoana,05-05-2021 23:35:21
Validare cititor,05-05-2021 23:35:21
Validare persoana,05-05-2021 23:35:21
Validare imprumut,05-05-2021 23:35:21
Validare imprumut,05-05-2021 23:35:21
Validare imprumut,05-05-2021 23:35:21
Validare imprumut,05-05-2021 23:35:21
Validare imprumut,05-05-2021 23:35:21
